geo_fips,census_geoid_119,geo_name,state_abbr,cx,cy,col2,row,n_hex_neighbors
0101,0101,Alabama's 1st,AL,581.969071,252.000000,56,14,5
0102,0102,Alabama's 2nd,AL,602.753681,252.000000,58,14,6
0103,0103,Alabama's 3rd,AL,613.145986,270.000000,59,15,6
0104,0104,Alabama's 4th,AL,581.969071,288.000000,56,16,6
0105,0105,Alabama's 5th,AL,602.753681,288.000000,58,16,6
0106,0106,Alabama's 6th,AL,592.361376,270.000000,57,15,6
0107,0107,Alabama's 7th,AL,571.576766,270.000000,55,15,6
0201,0200,Alaska's At-Large,AK,207.846097,576.000000,20,32,0
0401,0401,Arizona's 1st,AZ,301.376841,378.000000,29,21,6
0402,0402,Arizona's 2nd,AZ,374.122974,252.000000,36,14,4
0403,0403,Arizona's 3rd,AZ,363.730670,270.000000,35,15,6
0404,0404,Arizona's 4th,AZ,290.984536,396.000000,28,22,6
0405,0405,Arizona's 5th,AZ,353.338365,288.000000,34,16,6
0406,0406,Arizona's 6th,AZ,322.161450,342.000000,31,19,6
0407,0407,Arizona's 7th,AZ,332.553755,324.000000,32,18,6
0408,0408,Arizona's 8th,AZ,311.769145,360.000000,30,20,6
0409,0409,Arizona's 9th,AZ,342.946060,306.000000,33,17,6
0501,0501,Arkansas's 1st,AR,509.222937,306.000000,49,17,6
0502,0502,Arkansas's 2nd,AR,488.438328,306.000000,47,17,6
0503,0503,Arkansas's 3rd,AR,446.869108,306.000000,43,17,6
0504,0504,Arkansas's 4th,AR,467.653718,306.000000,45,17,6
0601,0601,California's 1st,CA,228.630707,468.000000,22,26,6
0602,0602,California's 2nd,CA,207.846097,468.000000,20,26,3
0603,0603,California's 3rd,CA,239.023011,450.000000,23,25,6
0604,0604,California's 4th,CA,249.415316,468.000000,24,26,6
0605,0605,California's 5th,CA,218.238402,450.000000,21,25,5
0606,0606,California's 6th,CA,259.807621,450.000000,25,25,6
0607,0607,California's 7th,CA,249.415316,432.000000,24,24,6
0608,0608,California's 8th,CA,259.807621,414.000000,25,23,6
0609,0609,California's 9th,CA,228.630707,432.000000,22,24,6
0610,0610,California's 10th,CA,270.199926,432.000000,26,24,6
0611,0611,California's 11th,CA,207.846097,432.000000,20,24,3
0612,0612,California's 12th,CA,207.846097,396.000000,20,22,3
0613,0613,California's 13th,CA,218.238402,414.000000,21,23,5
0614,0614,California's 14th,CA,228.630707,396.000000,22,22,6
0615,0615,California's 15th,CA,239.023011,414.000000,23,23,6
0616,0616,California's 16th,CA,239.023011,378.000000,23,21,6
0617,0617,California's 17th,CA,249.415316,396.000000,24,22,6
0618,0618,California's 18th,CA,218.238402,378.000000,21,21,5
0619,0619,California's 19th,CA,270.199926,396.000000,26,22,6
0620,0620,California's 20th,CA,207.846097,360.000000,20,20,3
0621,0621,California's 21st,CA,228.630707,360.000000,22,20,6
0622,0622,California's 22nd,CA,259.807621,378.000000,25,21,6
0623,0623,California's 23rd,CA,249.415316,360.000000,24,20,6
0624,0624,California's 24th,CA,218.238402,342.000000,21,19,4
0625,0625,California's 25th,CA,239.023011,342.000000,23,19,6
0626,0626,California's 26th,CA,228.630707,324.000000,22,18,4
0627,0627,California's 27th,CA,259.807621,342.000000,25,19,6
0628,0628,California's 28th,CA,290.984536,324.000000,28,18,6
0629,0629,California's 29th,CA,270.199926,324.000000,26,18,6
0630,0630,California's 30th,CA,249.415316,324.000000,24,18,6
0631,0631,California's 31st,CA,270.199926,360.000000,26,20,6
0632,0632,California's 32nd,CA,301.376841,342.000000,29,19,6
0633,0633,California's 33rd,CA,239.023011,306.000000,23,17,4
0634,0634,California's 34th,CA,280.592231,306.000000,27,17,6
0635,0635,California's 35th,CA,280.592231,342.000000,27,19,6
0636,0636,California's 36th,CA,332.553755,288.000000,32,16,6
0637,0637,California's 37th,CA,259.807621,306.000000,25,17,6
0638,0638,California's 38th,CA,301.376841,306.000000,29,17,6
0639,0639,California's 39th,CA,311.769145,324.000000,30,18,6
0640,0640,California's 40th,CA,290.984536,360.000000,28,20,6
0641,0641,California's 41st,CA,280.592231,378.000000,27,21,6
0642,0642,California's 42nd,CA,322.161450,270.000000,31,15,5
0643,0643,California's 43rd,CA,249.415316,288.000000,24,16,3
0644,0644,California's 44th,CA,270.199926,288.000000,26,16,5
0645,0645,California's 45th,CA,322.161450,306.000000,31,17,6
0646,0646,California's 46th,CA,311.769145,288.000000,30,16,6
0647,0647,California's 47th,CA,290.984536,288.000000,28,16,6
0648,0648,California's 48th,CA,280.592231,270.000000,27,15,3
0649,0649,California's 49th,CA,301.376841,270.000000,29,15,5
0650,0650,California's 50th,CA,342.946060,270.000000,33,15,5
0651,0651,California's 51st,CA,353.338365,252.000000,34,14,3
0652,0652,California's 52nd,CA,311.769145,252.000000,30,14,2
0801,0801,Colorado's 1st,CO,342.946060,342.000000,33,19,6
0802,0802,Colorado's 2nd,CO,322.161450,414.000000,31,23,6
0803,0803,Colorado's 3rd,CO,311.769145,396.000000,30,22,6
0804,0804,Colorado's 4th,CO,374.122974,288.000000,36,16,6
0805,0805,Colorado's 5th,CO,363.730670,306.000000,35,17,6
0806,0806,Colorado's 6th,CO,353.338365,324.000000,34,18,6
0807,0807,Colorado's 7th,CO,332.553755,360.000000,32,20,6
0808,0808,Colorado's 8th,CO,322.161450,378.000000,31,21,6
0901,0901,Connecticut's 1st,CT,758.638254,486.000000,73,27,6
0902,0902,Connecticut's 2nd,CT,769.030559,468.000000,74,26,6
0903,0903,Connecticut's 3rd,CT,748.245949,468.000000,72,26,6
0904,0904,Connecticut's 4th,CT,758.638254,450.000000,73,25,6
0905,0905,Connecticut's 5th,CT,737.853644,486.000000,71,27,6
1001,1000,Delaware's At-Large,DE,717.069034,378.000000,69,21,5
1101,1198,District of Columbia's At-Large,DC,727.461339,396.000000,70,22,3
1201,1201,Florida's 1st,FL,592.361376,234.000000,57,13,4
1202,1202,Florida's 2nd,FL,602.753681,216.000000,58,12,4
1203,1203,Florida's 3rd,FL,644.322900,216.000000,62,12,6
1204,1204,Florida's 4th,FL,665.107510,216.000000,64,12,6
1205,1205,Florida's 5th,FL,613.145986,234.000000,59,13,6
1206,1206,Florida's 6th,FL,685.892120,216.000000,66,12,6
1207,1207,Florida's 7th,FL,706.676729,216.000000,68,12,6
1208,1208,Florida's 8th,FL,727.461339,216.000000,70,12,4
1209,1209,Florida's 9th,FL,717.069034,198.000000,69,11,6
1210,1210,Florida's 10th,FL,748.245949,180.000000,72,10,4
1211,1211,Florida's 11th,FL,623.538291,216.000000,60,12,6
1212,1212,Florida's 12th,FL,633.930596,198.000000,61,11,4
1213,1213,Florida's 13th,FL,613.145986,198.000000,59,11,3
1214,1214,Florida's 14th,FL,654.715205,198.000000,63,11,4
1215,1215,Florida's 15th,FL,696.284425,198.000000,67,11,5
1216,1216,Florida's 16th,FL,675.499815,198.000000,65,11,4
1217,1217,Florida's 17th,FL,706.676729,180.000000,68,10,4
1218,1218,Florida's 18th,FL,737.853644,198.000000,71,11,4
1219,1219,Florida's 19th,FL,717.069034,162.000000,69,9,4
1220,1220,Florida's 20th,FL,727.461339,180.000000,70,10,6
1221,1221,Florida's 21st,FL,737.853644,162.000000,71,9,6
1222,1222,Florida's 22nd,FL,758.638254,162.000000,73,9,4
1223,1223,Florida's 23rd,FL,748.245949,144.000000,72,8,5
1224,1224,Florida's 24th,FL,769.030559,144.000000,74,8,4
1225,1225,Florida's 25th,FL,727.461339,144.000000,70,8,3
1226,1226,Florida's 26th,FL,758.638254,126.000000,73,7,4
1227,1227,Florida's 27th,FL,779.422863,126.000000,75,7,3
1228,1228,Florida's 28th,FL,769.030559,108.000000,74,6,2
1301,1301,Georgia's 1st,GA,717.069034,234.000000,69,13,5
1302,1302,Georgia's 2nd,GA,633.930596,234.000000,61,13,6
1303,1303,Georgia's 3rd,GA,623.538291,252.000000,60,14,6
1304,1304,Georgia's 4th,GA,706.676729,252.000000,68,14,6
1305,1305,Georgia's 5th,GA,665.107510,252.000000,64,14,6
1306,1306,Georgia's 6th,GA,685.892120,252.000000,66,14,6
1307,1307,Georgia's 7th,GA,654.715205,270.000000,63,15,6
1308,1308,Georgia's 8th,GA,675.499815,234.000000,65,13,6
1309,1309,Georgia's 9th,GA,644.322900,288.000000,62,16,6
1310,1310,Georgia's 10th,GA,654.715205,234.000000,63,13,6
1311,1311,Georgia's 11th,GA,633.930596,270.000000,61,15,6
1312,1312,Georgia's 12th,GA,696.284425,234.000000,67,13,6
1313,1313,Georgia's 13th,GA,644.322900,252.000000,62,14,6
1314,1314,Georgia's 14th,GA,623.538291,288.000000,60,16,6
1501,1501,Hawaii's 1st,HI,228.630707,180.000000,22,10,1
1502,1502,Hawaii's 2nd,HI,239.023011,162.000000,23,9,1
1601,1601,Idaho's 1st,ID,311.769145,468.000000,30,26,6
1602,1602,Idaho's 2nd,ID,290.984536,468.000000,28,26,6
1701,1701,Illinois's 1st,IL,446.869108,378.000000,43,21,6
1702,1702,Illinois's 2nd,IL,457.261413,360.000000,44,20,6
1703,1703,Illinois's 3rd,IL,405.299889,378.000000,39,21,6
1704,1704,Illinois's 4th,IL,436.476804,396.000000,42,22,6
1705,1705,Illinois's 5th,IL,394.907584,396.000000,38,22,6
1706,1706,Illinois's 6th,IL,415.692194,396.000000,40,22,6
1707,1707,Illinois's 7th,IL,426.084499,378.000000,41,21,6
1708,1708,Illinois's 8th,IL,374.122974,396.000000,36,22,6
1709,1709,Illinois's 9th,IL,374.122974,432.000000,36,24,6
1710,1710,Illinois's 10th,IL,426.084499,414.000000,41,23,6
1711,1711,Illinois's 11th,IL,384.515279,378.000000,37,21,6
1712,1712,Illinois's 12th,IL,415.692194,360.000000,40,20,6
1713,1713,Illinois's 13th,IL,394.907584,432.000000,38,24,6
1714,1714,Illinois's 14th,IL,384.515279,414.000000,37,23,6
1715,1715,Illinois's 15th,IL,436.476804,360.000000,42,20,6
1716,1716,Illinois's 16th,IL,384.515279,450.000000,37,25,6
1717,1717,Illinois's 17th,IL,363.730670,450.000000,35,25,6
1801,1801,Indiana's 1st,IN,446.869108,414.000000,43,23,6
1802,1802,Indiana's 2nd,IN,467.653718,414.000000,45,23,6
1803,1803,Indiana's 3rd,IN,478.046023,396.000000,46,22,6
1804,1804,Indiana's 4th,IN,457.261413,396.000000,44,22,6
1805,1805,Indiana's 5th,IN,488.438328,378.000000,47,21,6
1806,1806,Indiana's 6th,IN,488.438328,342.000000,47,19,6
1807,1807,Indiana's 7th,IN,478.046023,360.000000,46,20,6
1808,1808,Indiana's 8th,IN,467.653718,378.000000,45,21,6
1809,1809,Indiana's 9th,IN,467.653718,342.000000,45,19,6
1901,1901,Iowa's 1st,IA,353.338365,468.000000,34,26,6
1902,1902,Iowa's 2nd,IA,363.730670,414.000000,35,23,6
1903,1903,Iowa's 3rd,IA,353.338365,432.000000,34,24,6
1904,1904,Iowa's 4th,IA,342.946060,450.000000,33,25,6
2001,2001,Kansas's 1st,KS,332.553755,396.000000,32,22,6
2002,2002,Kansas's 2nd,KS,363.730670,342.000000,35,19,6
2003,2003,Kansas's 3rd,KS,353.338365,360.000000,34,20,6
2004,2004,Kansas's 4th,KS,342.946060,378.000000,33,21,6
2101,2101,Kentucky's 1st,KY,478.046023,324.000000,46,18,6
2102,2102,Kentucky's 2nd,KY,498.830633,324.000000,48,18,6
2103,2103,Kentucky's 3rd,KY,509.222937,342.000000,49,19,6
2104,2104,Kentucky's 4th,KY,530.007547,342.000000,51,19,6
2105,2105,Kentucky's 5th,KY,540.399852,324.000000,52,18,6
2106,2106,Kentucky's 6th,KY,519.615242,324.000000,50,18,6
2201,2201,Louisiana's 1st,LA,550.792157,234.000000,53,13,3
2202,2202,Louisiana's 2nd,LA,530.007547,234.000000,51,13,5
2203,2203,Louisiana's 3rd,LA,519.615242,252.000000,50,14,6
2204,2204,Louisiana's 4th,LA,519.615242,288.000000,50,16,6
2205,2205,Louisiana's 5th,LA,530.007547,270.000000,51,15,6
2206,2206,Louisiana's 6th,LA,540.399852,252.000000,52,14,6
2301,2301,Maine's 1st,ME,800.207473,558.000000,77,31,2
2302,2302,Maine's 2nd,ME,810.599778,540.000000,78,30,4
2401,2401,Maryland's 1st,MD,696.284425,378.000000,67,21,6
2402,2402,Maryland's 2nd,MD,685.892120,360.000000,66,20,6
2403,2403,Maryland's 3rd,MD,665.107510,360.000000,64,20,6
2404,2404,Maryland's 4th,MD,706.676729,360.000000,68,20,6
2405,2405,Maryland's 5th,MD,727.461339,360.000000,70,20,4
2406,2406,Maryland's 6th,MD,675.499815,378.000000,65,21,6
2407,2407,Maryland's 7th,MD,644.322900,360.000000,62,20,6
2408,2408,Maryland's 8th,MD,623.538291,360.000000,60,20,6
2501,2501,Massachusetts's 1st,MA,779.422863,522.000000,75,29,4
2502,2502,Massachusetts's 2nd,MA,800.207473,522.000000,77,29,6
2503,2503,Massachusetts's 3rd,MA,820.992083,522.000000,79,29,5
2504,2504,Massachusetts's 4th,MA,779.422863,486.000000,75,27,6
2505,2505,Massachusetts's 5th,MA,841.776692,522.000000,81,29,2
2506,2506,Massachusetts's 6th,MA,789.815168,540.000000,76,30,4
2507,2507,Massachusetts's 7th,MA,831.384388,504.000000,80,28,3
2508,2508,Massachusetts's 8th,MA,810.599778,504.000000,78,28,5
2509,2509,Massachusetts's 9th,MA,800.207473,486.000000,77,27,4
2601,2601,Michigan's 1st,MI,436.476804,504.000000,42,28,3
2602,2602,Michigan's 2nd,MI,457.261413,504.000000,44,28,2
2603,2603,Michigan's 3rd,MI,446.869108,486.000000,43,27,4
2604,2604,Michigan's 4th,MI,519.615242,504.000000,50,28,2
2605,2605,Michigan's 5th,MI,509.222937,486.000000,49,27,4
2606,2606,Michigan's 6th,MI,478.046023,432.000000,46,24,5
2607,2607,Michigan's 7th,MI,498.830633,432.000000,48,24,6
2608,2608,Michigan's 8th,MI,498.830633,468.000000,48,26,4
2609,2609,Michigan's 9th,MI,530.007547,450.000000,51,25,3
2610,2610,Michigan's 10th,MI,530.007547,486.000000,51,27,3
2611,2611,Michigan's 11th,MI,519.615242,468.000000,50,26,5
2612,2612,Michigan's 12th,MI,488.438328,450.000000,47,25,4
2613,2613,Michigan's 13th,MI,509.222937,450.000000,49,25,6
2701,2701,Minnesota's 1st,MN,374.122974,468.000000,36,26,6
2702,2702,Minnesota's 2nd,MN,394.907584,468.000000,38,26,6
2703,2703,Minnesota's 3rd,MN,384.515279,486.000000,37,27,6
2704,2704,Minnesota's 4th,MN,426.084499,486.000000,41,27,5
2705,2705,Minnesota's 5th,MN,405.299889,486.000000,39,27,5
2706,2706,Minnesota's 6th,MN,394.907584,504.000000,38,28,4
2707,2707,Minnesota's 7th,MN,374.122974,504.000000,36,28,5
2708,2708,Minnesota's 8th,MN,384.515279,522.000000,37,29,2
2801,2801,Mississippi's 1st,MS,561.184462,288.000000,54,16,6
2802,2802,Mississippi's 2nd,MS,540.399852,288.000000,52,16,6
2803,2803,Mississippi's 3rd,MS,550.792157,270.000000,53,15,6
2804,2804,Mississippi's 4th,MS,561.184462,252.000000,54,14,5
2901,2901,Missouri's 1st,MO,446.869108,342.000000,43,19,6
2902,2902,Missouri's 2nd,MO,426.084499,342.000000,41,19,6
2903,2903,Missouri's 3rd,MO,405.299889,342.000000,39,19,6
2904,2904,Missouri's 4th,MO,394.907584,360.000000,38,20,6
2905,2905,Missouri's 5th,MO,374.122974,360.000000,36,20,6
2906,2906,Missouri's 6th,MO,363.730670,378.000000,35,21,6
2907,2907,Missouri's 7th,MO,384.515279,342.000000,37,19,6
2908,2908,Missouri's 8th,MO,457.261413,324.000000,44,18,6
3001,3001,Montana's 1st,MT,332.553755,504.000000,32,28,5
3002,3002,Montana's 2nd,MT,342.946060,486.000000,33,27,6
3101,3101,Nebraska's 1st,NE,342.946060,414.000000,33,23,6
3102,3102,Nebraska's 2nd,NE,353.338365,396.000000,34,22,6
3103,3103,Nebraska's 3rd,NE,332.553755,432.000000,32,24,6
3201,3201,Nevada's 1st,NV,290.984536,432.000000,28,24,6
3202,3202,Nevada's 2nd,NV,270.199926,468.000000,26,26,6
3203,3203,Nevada's 3rd,NV,280.592231,414.000000,27,23,6
3204,3204,Nevada's 4th,NV,280.592231,450.000000,27,25,6
3301,3301,New Hampshire's 1st,NH,789.815168,504.000000,76,28,6
3302,3302,New Hampshire's 2nd,NH,769.030559,504.000000,74,28,5
3401,3401,New Jersey's 1st,NJ,665.107510,396.000000,64,22,6
3402,3402,New Jersey's 2nd,NJ,685.892120,396.000000,66,22,6
3403,3403,New Jersey's 3rd,NJ,706.676729,396.000000,68,22,6
3404,3404,New Jersey's 4th,NJ,696.284425,414.000000,67,23,6
3405,3405,New Jersey's 5th,NJ,665.107510,432.000000,64,24,6
3406,3406,New Jersey's 6th,NJ,675.499815,414.000000,65,23,6
3407,3407,New Jersey's 7th,NJ,644.322900,432.000000,62,24,6
3408,3408,New Jersey's 8th,NJ,727.461339,432.000000,70,24,5
3409,3409,New Jersey's 9th,NJ,706.676729,432.000000,68,24,6
3410,3410,New Jersey's 10th,NJ,717.069034,414.000000,69,23,5
3411,3411,New Jersey's 11th,NJ,685.892120,432.000000,66,24,6
3412,3412,New Jersey's 12th,NJ,654.715205,414.000000,63,23,6
3501,3501,New Mexico's 1st,NM,394.907584,252.000000,38,14,5
3502,3502,New Mexico's 2nd,NM,405.299889,234.000000,39,13,4
3503,3503,New Mexico's 3rd,NM,384.515279,270.000000,37,15,6
3601,3601,New York's 1st,NY,769.030559,432.000000,74,24,3
3602,3602,New York's 2nd,NY,748.245949,432.000000,72,24,4
3603,3603,New York's 3rd,NY,717.069034,450.000000,69,25,6
3604,3604,New York's 4th,NY,737.853644,450.000000,71,25,6
3605,3605,New York's 5th,NY,696.284425,450.000000,67,25,6
3606,3606,New York's 6th,NY,654.715205,450.000000,63,25,6
3607,3607,New York's 7th,NY,633.930596,450.000000,61,25,6
3608,3608,New York's 8th,NY,675.499815,450.000000,65,25,6
3609,3609,New York's 9th,NY,613.145986,450.000000,59,25,6
3610,3610,New York's 10th,NY,727.461339,468.000000,70,26,6
3611,3611,New York's 11th,NY,592.361376,450.000000,57,25,5
3612,3612,New York's 12th,NY,706.676729,468.000000,68,26,6
3613,3613,New York's 13th,NY,685.892120,468.000000,66,26,6
3614,3614,New York's 14th,NY,644.322900,468.000000,62,26,6
3615,3615,New York's 15th,NY,665.107510,468.000000,64,26,6
3616,3616,New York's 16th,NY,623.538291,468.000000,60,26,5
3617,3617,New York's 17th,NY,602.753681,468.000000,58,26,4
3618,3618,New York's 18th,NY,581.969071,468.000000,56,26,2
3619,3619,New York's 19th,NY,717.069034,486.000000,69,27,6
3620,3620,New York's 20th,NY,696.284425,486.000000,67,27,6
3621,3621,New York's 21st,NY,727.461339,504.000000,70,28,4
3622,3622,New York's 22nd,NY,675.499815,486.000000,65,27,5
3623,3623,New York's 23rd,NY,654.715205,486.000000,63,27,4
3624,3624,New York's 24th,NY,706.676729,504.000000,68,28,4
3625,3625,New York's 25th,NY,685.892120,504.000000,66,28,3
3626,3626,New York's 26th,NY,633.930596,486.000000,61,27,3
3701,3701,North Carolina's 1st,NC,727.461339,324.000000,70,18,6
3702,3702,North Carolina's 2nd,NC,748.245949,288.000000,72,16,3
3703,3703,North Carolina's 3rd,NC,748.245949,324.000000,72,18,3
3704,3704,North Carolina's 4th,NC,706.676729,324.000000,68,18,6
3705,3705,North Carolina's 5th,NC,665.107510,324.000000,64,18,6
3706,3706,North Carolina's 6th,NC,685.892120,324.000000,66,18,6
3707,3707,North Carolina's 7th,NC,737.853644,270.000000,71,15,4
3708,3708,North Carolina's 8th,NC,737.853644,306.000000,71,17,5
3709,3709,North Carolina's 9th,NC,727.461339,288.000000,70,16,6
3710,3710,North Carolina's 10th,NC,654.715205,306.000000,63,17,6
3711,3711,North Carolina's 11th,NC,633.930596,306.000000,61,17,6
3712,3712,North Carolina's 12th,NC,696.284425,306.000000,67,17,6
3713,3713,North Carolina's 13th,NC,717.069034,306.000000,69,17,6
3714,3714,North Carolina's 14th,NC,675.499815,306.000000,65,17,6
3801,3800,North Dakota's At-Large,ND,353.338365,504.000000,34,28,4
3901,3901,Ohio's 1st,OH,509.222937,378.000000,49,21,6
3902,3902,Ohio's 2nd,OH,498.830633,360.000000,48,20,6
3903,3903,Ohio's 3rd,OH,550.792157,378.000000,53,21,6
3904,3904,Ohio's 4th,OH,519.615242,396.000000,50,22,6
3905,3905,Ohio's 5th,OH,488.438328,414.000000,47,23,6
3906,3906,Ohio's 6th,OH,540.399852,360.000000,52,20,6
3907,3907,Ohio's 7th,OH,509.222937,414.000000,49,23,6
3908,3908,Ohio's 8th,OH,498.830633,396.000000,48,22,6
3909,3909,Ohio's 9th,OH,519.615242,432.000000,50,24,5
3910,3910,Ohio's 10th,OH,530.007547,378.000000,51,21,6
3911,3911,Ohio's 11th,OH,530.007547,414.000000,51,23,5
3912,3912,Ohio's 12th,OH,540.399852,396.000000,52,22,6
3913,3913,Ohio's 13th,OH,561.184462,396.000000,54,22,6
3914,3914,Ohio's 14th,OH,550.792157,414.000000,53,23,4
3915,3915,Ohio's 15th,OH,519.615242,360.000000,50,20,6
4001,4001,Oklahoma's 1st,OK,415.692194,324.000000,40,18,6
4002,4002,Oklahoma's 2nd,OK,436.476804,324.000000,42,18,6
4003,4003,Oklahoma's 3rd,OK,374.122974,324.000000,36,18,6
4004,4004,Oklahoma's 4th,OK,426.084499,306.000000,41,17,6
4005,4005,Oklahoma's 5th,OK,394.907584,324.000000,38,18,6
4101,4101,Oregon's 1st,OR,218.238402,486.000000,21,27,4
4102,4102,Oregon's 2nd,OR,322.161450,486.000000,31,27,6
4103,4103,Oregon's 3rd,OR,301.376841,486.000000,29,27,6
4104,4104,Oregon's 4th,OR,280.592231,486.000000,27,27,6
4105,4105,Oregon's 5th,OR,239.023011,486.000000,23,27,6
4106,4106,Oregon's 6th,OR,259.807621,486.000000,25,27,6
4201,4201,Pennsylvania's 1st,PA,633.930596,414.000000,61,23,6
4202,4202,Pennsylvania's 2nd,PA,644.322900,396.000000,62,22,6
4203,4203,Pennsylvania's 3rd,PA,654.715205,378.000000,63,21,6
4204,4204,Pennsylvania's 4th,PA,623.538291,396.000000,60,22,6
4205,4205,Pennsylvania's 5th,PA,633.930596,378.000000,61,21,6
4206,4206,Pennsylvania's 6th,PA,613.145986,378.000000,59,21,6
4207,4207,Pennsylvania's 7th,PA,613.145986,414.000000,59,23,6
4208,4208,Pennsylvania's 8th,PA,623.538291,432.000000,60,24,6
4209,4209,Pennsylvania's 9th,PA,592.361376,414.000000,57,23,6
4210,4210,Pennsylvania's 10th,PA,602.753681,396.000000,58,22,6
4211,4211,Pennsylvania's 11th,PA,602.753681,360.000000,58,20,6
4212,4212,Pennsylvania's 12th,PA,602.753681,432.000000,58,24,6
4213,4213,Pennsylvania's 13th,PA,592.361376,378.000000,57,21,6
4214,4214,Pennsylvania's 14th,PA,571.576766,378.000000,55,21,6
4215,4215,Pennsylvania's 15th,PA,581.969071,432.000000,56,24,4
4216,4216,Pennsylvania's 16th,PA,571.576766,414.000000,55,23,5
4217,4217,Pennsylvania's 17th,PA,581.969071,396.000000,56,22,6
4401,4401,Rhode Island's 1st,RI,789.815168,468.000000,76,26,4
4402,4402,Rhode Island's 2nd,RI,779.422863,450.000000,75,25,4
4501,4501,South Carolina's 1st,SC,727.461339,252.000000,70,14,4
4502,4502,South Carolina's 2nd,SC,675.499815,270.000000,65,15,6
4503,4503,South Carolina's 3rd,SC,665.107510,288.000000,64,16,6
4504,4504,South Carolina's 4th,SC,685.892120,288.000000,66,16,6
4505,4505,South Carolina's 5th,SC,706.676729,288.000000,68,16,6
4506,4506,South Carolina's 6th,SC,696.284425,270.000000,67,15,6
4507,4507,South Carolina's 7th,SC,717.069034,270.000000,69,15,6
4601,4600,South Dakota's At-Large,SD,363.730670,486.000000,35,27,6
4701,4701,Tennessee's 1st,TN,644.322900,324.000000,62,18,6
4702,4702,Tennessee's 2nd,TN,623.538291,324.000000,60,18,6
4703,4703,Tennessee's 3rd,TN,613.145986,306.000000,59,17,6
4704,4704,Tennessee's 4th,TN,592.361376,306.000000,57,17,6
4705,4705,Tennessee's 5th,TN,581.969071,324.000000,56,18,6
4706,4706,Tennessee's 6th,TN,602.753681,324.000000,58,18,6
4707,4707,Tennessee's 7th,TN,571.576766,306.000000,55,17,6
4708,4708,Tennessee's 8th,TN,550.792157,306.000000,53,17,6
4709,4709,Tennessee's 9th,TN,530.007547,306.000000,51,17,6
4801,4801,Texas's 1st,TX,509.222937,270.000000,49,15,6
4802,4802,Texas's 2nd,TX,488.438328,234.000000,47,13,6
4803,4803,Texas's 3rd,TX,478.046023,288.000000,46,16,6
4804,4804,Texas's 4th,TX,498.830633,288.000000,48,16,6
4805,4805,Texas's 5th,TX,488.438328,270.000000,47,15,6
4806,4806,Texas's 6th,TX,405.299889,270.000000,39,15,6
4807,4807,Texas's 7th,TX,467.653718,198.000000,45,11,4
4808,4808,Texas's 8th,TX,467.653718,234.000000,45,13,6
4809,4809,Texas's 9th,TX,509.222937,198.000000,49,11,4
4810,4810,Texas's 10th,TX,457.261413,216.000000,44,12,6
4811,4811,Texas's 11th,TX,394.907584,288.000000,38,16,6
4812,4812,Texas's 12th,TX,415.692194,288.000000,40,16,6
4813,4813,Texas's 13th,TX,405.299889,306.000000,39,17,6
4814,4814,Texas's 14th,TX,509.222937,162.000000,49,9,1
4815,4815,Texas's 15th,TX,446.869108,198.000000,43,11,5
4816,4816,Texas's 16th,TX,509.222937,234.000000,49,13,6
4817,4817,Texas's 17th,TX,457.261413,252.000000,44,14,6
4818,4818,Texas's 18th,TX,498.830633,216.000000,48,12,6
4819,4819,Texas's 19th,TX,384.515279,306.000000,37,17,6
4820,4820,Texas's 20th,TX,436.476804,216.000000,42,12,6
4821,4821,Texas's 21st,TX,426.084499,234.000000,41,13,6
4822,4822,Texas's 22nd,TX,488.438328,198.000000,47,11,5
4823,4823,Texas's 23rd,TX,415.692194,216.000000,40,12,4
4824,4824,Texas's 24th,TX,457.261413,288.000000,44,16,6
4825,4825,Texas's 25th,TX,415.692194,252.000000,40,14,6
4826,4826,Texas's 26th,TX,436.476804,288.000000,42,16,6
4827,4827,Texas's 27th,TX,498.830633,180.000000,48,10,3
4828,4828,Texas's 28th,TX,426.084499,198.000000,41,11,4
4829,4829,Texas's 29th,TX,519.615242,216.000000,50,12,4
4830,4830,Texas's 30th,TX,446.869108,270.000000,43,15,6
4831,4831,Texas's 31st,TX,436.476804,252.000000,42,14,6
4832,4832,Texas's 32nd,TX,467.653718,270.000000,45,15,6
4833,4833,Texas's 33rd,TX,426.084499,270.000000,41,15,6
4834,4834,Texas's 34th,TX,436.476804,180.000000,42,10,2
4835,4835,Texas's 35th,TX,446.869108,234.000000,43,13,6
4836,4836,Texas's 36th,TX,498.830633,252.000000,48,14,6
4837,4837,Texas's 37th,TX,478.046023,216.000000,46,12,6
4838,4838,Texas's 38th,TX,478.046023,252.000000,46,14,6
4901,4901,Utah's 1st,UT,301.376841,450.000000,29,25,6
4902,4902,Utah's 2nd,UT,301.376841,414.000000,29,23,6
4903,4903,Utah's 3rd,UT,322.161450,450.000000,31,25,6
4904,4904,Utah's 4th,UT,311.769145,432.000000,30,24,6
5001,5000,Vermont's At-Large,VT,748.245949,504.000000,72,28,4
5101,5101,Virginia's 1st,VA,675.499815,342.000000,65,19,6
5102,5102,Virginia's 2nd,VA,737.853644,342.000000,71,19,4
5103,5103,Virginia's 3rd,VA,717.069034,342.000000,69,19,6
5104,5104,Virginia's 4th,VA,696.284425,342.000000,67,19,6
5105,5105,Virginia's 5th,VA,561.184462,324.000000,54,18,6
5106,5106,Virginia's 6th,VA,571.576766,342.000000,55,19,6
5107,5107,Virginia's 7th,VA,613.145986,342.000000,59,19,6
5108,5108,Virginia's 8th,VA,654.715205,342.000000,63,19,6
5109,5109,Virginia's 9th,VA,550.792157,342.000000,53,19,6
5110,5110,Virginia's 10th,VA,592.361376,342.000000,57,19,6
5111,5111,Virginia's 11th,VA,633.930596,342.000000,61,19,6
5301,5301,Washington's 1st,WA,280.592231,522.000000,27,29,4
5302,5302,Washington's 2nd,WA,259.807621,522.000000,25,29,4
5303,5303,Washington's 3rd,WA,228.630707,504.000000,22,28,4
5304,5304,Washington's 4th,WA,301.376841,522.000000,29,29,4
5305,5305,Washington's 5th,WA,322.161450,522.000000,31,29,3
5306,5306,Washington's 6th,WA,239.023011,522.000000,23,29,3
5307,5307,Washington's 7th,WA,270.199926,504.000000,26,28,6
5308,5308,Washington's 8th,WA,311.769145,504.000000,30,28,6
5309,5309,Washington's 9th,WA,290.984536,504.000000,28,28,6
5310,5310,Washington's 10th,WA,249.415316,504.000000,24,28,6
5401,5401,West Virginia's 1st,WV,581.969071,360.000000,56,20,6
5402,5402,West Virginia's 2nd,WV,561.184462,360.000000,54,20,6
5501,5501,Wisconsin's 1st,WI,457.261413,432.000000,44,24,4
5502,5502,Wisconsin's 2nd,WI,405.299889,450.000000,39,25,6
5503,5503,Wisconsin's 3rd,WI,415.692194,468.000000,40,26,6
5504,5504,Wisconsin's 4th,WI,436.476804,432.000000,42,24,5
5505,5505,Wisconsin's 5th,WI,405.299889,414.000000,39,23,6
5506,5506,Wisconsin's 6th,WI,415.692194,432.000000,40,24,6
5507,5507,Wisconsin's 7th,WI,436.476804,468.000000,42,26,4
5508,5508,Wisconsin's 8th,WI,426.084499,450.000000,41,25,5
5601,5600,Wyoming's At-Large,WY,332.553755,468.000000,32,26,6
